wafer_id,lot_id,tool_id,process_date,exposure_dose,focus_offset,overlay_error,cd_mean,cd_uniformity,resist_thickness,particle_count,contamination_score,die_size,defect_type,failure_pattern,defect_density,yield_percent,pass_fail,yield_loss,risk_status
W0001,LOT-03,LITHO-04,2026-06-15,21.17274247312839,-0.22351599519811066,1.9068058792524734,44.45833865884273,1.534300669934784,105.0982010742522,4,1.2919251816124389,600,Pattern Collapse,None,1.465,86.29,pass,13.71,normal
W0002,LOT-24,LITHO-04,2026-06-28,20.864831174992904,-0.03673234519899281,3.760812288986684,45.08642117030046,2.318245791710258,99.33328560418623,3,2.565459985789779,515,Etch Residue,None,1.699,82.42,fail,17.58,normal
W0003,LOT-20,LITHO-02,2026-06-22,21.52362950922694,0.019736595823321552,1.1024487084986512,43.44559057864076,1.367686247893983,104.91063072035969,7,1.5804753826108127,600,Pattern Collapse,None,1.586,90.37,pass,9.63,normal
W0004,LOT-14,LITHO-02,2026-04-11,19.761522490159525,0.440123426110605,3.082656126494089,47.04731010975317,1.6134312278120164,99.10443220945744,7,1.1614856528782305,600,Misalignment,Edge-Loc,2.168,82.42,fail,17.58,normal
W0005,LOT-13,LITHO-03,2026-02-06,20.54531222419571,-0.24791681799366613,3.1575352155046796,46.3434008169635,1.2204179892874563,106.1445077571349,8,3.284576138275955,515,Particle,None,2.219,81.71,fail,18.29,requires review
W0006,LOT-26,LITHO-03,2026-06-01,20.569671016321205,0.264962621968224,1.6034888358240846,45.356299044883336,1.3769663426998475,110.40043533409431,7,2.3579891805682225,560,Misalignment,None,1.989,81.22,fail,18.78,requires review
W0007,LOT-03,LITHO-02,2026-05-25,19.723804193187622,0.026971634517710407,3.7604915273891812,43.38383694146452,1.5871268686388302,101.53608122570871,5,0.688101895448925,710,Misalignment,None,1.638,83.82,fail,16.18,normal
W0008,LOT-21,LITHO-01,2026-06-28,20.469998855597158,0.07401094524287337,2.896843198061723,45.25280025326954,1.7962064218077054,93.66833473493185,6,1.8817792224067684,515,Particle,None,1.821,85.63,pass,14.37,normal
W0009,LOT-07,LITHO-03,2026-04-28,20.49666413628474,0.021302624409876812,2.879797304776038,43.654282744779294,1.611683191908251,99.91732285366967,11,2.838680348862133,600,Scratch,None,2.465,82.32,fail,17.68,normal
W0010,LOT-03,LITHO-01,2026-01-26,20.889392440014642,0.08005082727514194,2.219615530918114,46.754826316168035,1.9406901972671575,106.68112551029935,4,0.7312292044690225,740,Etch Residue,None,1.56,83.0,fail,17.0,normal
W0011,LOT-16,LITHO-04,2026-04-01,21.612131240413145,-0.02766331878516319,2.047941689246927,45.971033678223804,1.4667621412925649,104.10169179069592,10,1.8982795317558354,710,Etch Residue,Edge-Loc,2.325,78.07,fail,21.93,requires review
W0012,LOT-30,LITHO-01,2026-03-22,20.865216641845112,0.2617290326623425,2.0534138210722745,45.114526846185285,1.3837410145563482,102.94587167496512,6,2.211269872482102,530,Misalignment,Center,2.156,81.7,fail,18.3,requires review
W0013,LOT-23,LITHO-01,2026-06-01,20.433052453850866,-0.08216480596045003,2.473371417423662,42.07634920410322,2.4463947875477854,105.83293975262839,5,2.1054192483446483,560,Etch Residue,None,1.673,85.52,pass,14.48,normal
W0014,LOT-23,LITHO-04,2026-03-12,20.96867500233256,0.20380222299226458,3.1808303925237276,43.81990082560916,1.6379831773047107,103.840923069144,8,0.9442398923555515,740,Particle,Center,2.402,80.63,fail,19.37,requires review
W0015,LOT-22,LITHO-01,2026-03-01,21.57704549179274,-0.11598608163834412,2.326919952502994,45.825313357919846,1.2481814589075084,106.62735571231431,7,1.3027681478369075,560,Pattern Collapse,Center,2.32,79.17,fail,20.83,requires review
W0016,LOT-24,LITHO-01,2026-01-15,20.463222651136803,-0.010845332352231651,1.5619894638038971,46.45546043006779,1.257007683213176,105.49380997125854,5,3.9298193019262655,515,Misalignment,Loc,2.194,75.86,fail,24.14,requires review
W0017,LOT-16,LITHO-03,2026-05-31,20.499183813843203,-0.19295325941223945,2.777098943669486,46.331003773790556,1.170062029914031,107.78246172040045,4,2.1896696205442767,515,Particle,Random,2.263,74.99,fail,25.01,requires review
W0018,LOT-04,LITHO-04,2026-05-16,21.307201927600822,0.08190426966255358,2.8448055224763547,43.089584397310254,1.8277992745498757,103.36342511884376,12,0.557474313887187,710,Particle,None,2.347,83.12,fail,16.88,normal
W0019,LOT-26,LITHO-01,2026-01-08,20.87815513634806,0.2601226722467761,2.6582616699134505,45.361862768175484,1.3724679474873653,105.43998572567703,7,1.8077949646635334,530,Etch Residue,Near-full,2.973,54.97,fail,45.03,requires review
W0020,LOT-14,LITHO-02,2026-03-20,21.356116579890212,-0.013924112367753733,2.721849234567488,46.21861825977952,1.5445768664797699,100.83291712227401,7,2.326022777363602,515,Pattern Collapse,Edge-Ring,2.046,78.32,fail,21.68,requires review
W0021,LOT-16,LITHO-03,2026-03-28,20.992494264512587,-0.03543942576670372,2.0103503088895347,43.009997321301306,1.477771963946606,99.71444891607578,8,0.9645368379394592,530,Scratch,Edge-Loc,1.924,85.15,pass,14.85,normal
W0022,LOT-12,LITHO-04,2026-03-26,21.385915006449263,-0.2006310533522268,1.5497075830085945,44.99051458155212,1.7560223427793271,108.4857170335921,8,4.170029111426059,710,Etch Residue,None,2.147,79.99,fail,20.01,requires review
W0023,LOT-06,LITHO-02,2026-06-15,20.430707037277646,-0.04127267763941546,1.5922645985514543,45.32861087797015,1.203639567490593,102.82157777002621,9,1.2438494712250792,560,Pattern Collapse,None,1.624,89.72,pass,10.28,normal
W0024,LOT-28,LITHO-01,2026-01-28,20.993353442066454,-0.28670296674987494,1.0551757260794996,44.63908249818392,1.1235496998499446,105.05854615027704,5,1.5568380376007738,710,Etch Residue,None,1.109,88.97,pass,11.03,normal
W0025,LOT-24,LITHO-01,2026-02-25,20.884120492100262,-0.1643180376093889,2.3658640280821652,42.77740577351856,1.578504057513558,102.47021205476328,10,2.330832687384088,600,Misalignment,Scratch,2.33,77.48,fail,22.52,requires review
W0026,LOT-20,LITHO-01,2026-02-02,20.331259991742726,0.040821488299644375,2.1415858517413846,44.60916226791153,1.710335749644964,99.77124052650413,7,1.924300102584125,740,Etch Residue,Edge-Loc,2.016,81.71,fail,18.29,requires review
W0027,LOT-13,LITHO-01,2026-02-13,20.14008712867222,0.2374223755934513,1.8920086068292041,44.607233483693975,1.6163863095841742,102.04173499181313,6,0.3424847625461783,740,Particle,None,1.449,87.38,pass,12.62,normal
W0028,LOT-25,LITHO-03,2026-06-13,21.377161969401065,0.5056579550213105,0.1310668229584513,44.822313114542695,1.2166911948159354,107.45677726751731,6,3.6892581274355467,515,Particle,Center,1.963,79.89,fail,20.11,requires review
W0029,LOT-17,LITHO-01,2026-06-19,20.806976189780112,-0.10558531531276212,1.326877771214082,44.323834289489916,1.7371196947319878,104.10991228226182,6,2.65256493947118,600,Misalignment,None,1.738,80.95,fail,19.05,requires review
W0030,LOT-14,LITHO-02,2026-01-09,20.437745845093968,0.2583540281961792,2.984588455982217,44.46838541611024,1.239648675516528,95.49640199302425,8,0.22687378704352767,515,Particle,None,1.792,87.62,pass,12.38,normal
W0031,LOT-14,LITHO-03,2026-04-24,20.947101584692167,0.043875446472296624,1.7347617999558085,44.95235246118363,1.317461474324766,101.18207106501062,5,1.6693877784437992,740,Pattern Collapse,Edge-Loc,1.918,75.61,fail,24.39,requires review
W0032,LOT-07,LITHO-03,2026-02-11,21.620410371542118,-0.027224576414347654,2.452414174359789,45.53094552596365,1.1696162663472993,108.7727164122779,8,2.2904644394531912,515,Pattern Collapse,Center,2.339,76.27,fail,23.73,requires review
W0033,LOT-03,LITHO-01,2026-02-04,19.74559418504544,0.0778670013107074,1.226520199017321,44.634687884572,1.9554054220282109,101.18757192497017,3,2.1683475514946235,600,Misalignment,Loc,1.638,84.76,fail,15.24,normal
W0034,LOT-17,LITHO-04,2026-02-22,20.17684872055317,0.011144967062392652,3.207093837651462,44.5084212859584,1.7216975393595721,95.15818097141012,8,1.2229299769216215,710,Etch Residue,Edge-Loc,2.272,80.62,fail,19.38,requires review
W0035,LOT-27,LITHO-03,2026-02-04,20.492412456957602,0.019871230610199336,2.0991806379617266,45.11082484590535,1.7117476814876056,109.19358576460567,5,2.6824222665138664,515,Misalignment,Edge-Loc,1.743,78.35,fail,21.65,requires review
W0036,LOT-02,LITHO-03,2026-03-30,21.80364837669618,-0.07349996930880046,2.403028277538475,42.69490088892578,1.9365239973998576,104.59309153728861,5,3.486920923362732,710,Particle,Loc,2.176,75.8,fail,24.2,requires review
W0037,LOT-26,LITHO-01,2026-06-29,21.155422840605613,-0.2516597387637931,3.8280458543171796,45.57244215267175,2.484427236883553,101.73395113651137,6,0.4208868478560949,515,Misalignment,None,1.657,85.31,pass,14.69,normal
W0038,LOT-25,LITHO-01,2026-04-16,21.422024482253676,-0.2778525364539747,3.2615080704125825,44.99932428345245,0.9017708636314457,100.58861260288813,8,0.3838725858729655,530,Particle,Edge-Loc,2.159,80.84,fail,19.16,requires review
W0039,LOT-09,LITHO-04,2026-05-11,20.372911494480572,0.11758407899062086,1.9854040650990599,45.04763223191708,1.241568196693012,106.11293733320859,2,2.211675881241837,560,Misalignment,Edge-Ring,1.432,79.54,fail,20.46,requires review
W0040,LOT-19,LITHO-02,2026-03-30,20.384255268601212,-0.049806016215428406,1.7847458705907489,46.15288116911336,1.2843387205389167,99.94046307914047,7,2.8282127228178564,530,Particle,None,1.996,83.95,fail,16.05,normal
W0041,LOT-05,LITHO-02,2026-01-03,21.24629754419749,-0.10729600193811,1.972118491936328,42.6566213639421,1.2022131321660576,106.36337441316076,8,1.092089867834083,560,Particle,None,1.545,88.36,pass,11.64,normal
W0042,LOT-23,LITHO-02,2026-01-16,21.032050882014495,0.001531012810167642,2.556928773933575,42.63139935616924,1.1228458633387006,104.06034208575217,6,0.24212629305628594,740,Particle,None,1.508,87.63,pass,12.37,normal
W0043,LOT-22,LITHO-03,2026-02-18,21.30180635037527,0.14308780552481296,2.1263431060243905,45.32856461438822,1.395121427580622,102.92979131685193,5,1.6890971871377836,530,Scratch,None,1.72,87.41,pass,12.59,normal
W0044,LOT-11,LITHO-04,2026-02-13,20.896780954989353,0.032465509744751674,1.92332909849757,44.99145977384578,1.0741886996487082,102.55295626027527,11,2.190271186850728,560,Particle,Center,2.699,75.62,fail,24.38,requires review
W0045,LOT-03,LITHO-02,2026-06-01,21.152979049550044,-0.11808988859537412,3.2270268754963296,45.20421233183032,1.6172648286380946,101.33512146048612,4,1.3754665915960738,740,Misalignment,None,1.549,85.73,pass,14.27,normal
W0046,LOT-30,LITHO-04,2026-06-01,21.08696549669781,0.22073273201681093,2.1200530757555143,44.44544750979306,1.518094412500015,105.97343245679521,3,3.23789966577068,710,Misalignment,Edge-Loc,1.948,75.36,fail,24.64,requires review
W0047,LOT-14,LITHO-01,2026-06-03,21.42777206399671,0.28425339053669374,3.8097123651261233,45.79722440908792,1.6683600326672794,98.71169723801303,5,2.1015670259902612,515,Misalignment,None,2.107,83.52,fail,16.48,normal
W0048,LOT-27,LITHO-03,2026-04-25,21.44385455506946,0.0890201979581136,2.263519794626521,46.11916661158934,1.6777049580733885,95.8366845180452,12,1.003611879721257,740,Misalignment,None,2.473,80.41,fail,19.59,requires review
W0049,LOT-21,LITHO-03,2026-04-11,20.109070403084527,0.17525943204193623,3.4497228759573093,45.580778752741836,1.7110523986993367,104.3348724669914,3,1.085582061566536,515,Particle,None,1.336,86.93,pass,13.07,normal
W0050,LOT-24,LITHO-01,2026-04-27,19.76400229456253,0.22355279942648598,2.450123595897439,44.6870058499145,1.3693068721116413,104.39870564665516,6,1.7149838282562118,560,Etch Residue,None,1.661,87.49,pass,12.51,normal
W0051,LOT-23,LITHO-01,2026-03-15,21.55095996870833,0.20341787695281247,2.8740724012746135,42.47077273486272,2.2424001909217837,103.82491637954472,8,1.3079456487482848,560,Misalignment,Scratch,2.765,79.04,fail,20.96,requires review
W0052,LOT-06,LITHO-02,2026-05-01,21.653248801294065,0.11053785188027225,1.692772263937593,45.92308344964455,1.5820508907687343,103.54936780454855,6,0.3601031506199206,710,Etch Residue,None,1.34,89.31,pass,10.69,normal
W0053,LOT-11,LITHO-04,2026-05-23,20.438657339267664,0.1077024684734789,1.602368544188812,46.466074399461114,0.8481303365813218,100.78194656231732,5,1.9811049238270446,515,Misalignment,None,1.238,90.04,pass,9.96,normal
W0054,LOT-15,LITHO-03,2026-05-18,19.977090526399905,0.09353890320237047,2.5217941685104917,45.77347009438078,1.1491684889818239,104.992434276665,4,1.1075741433664612,515,Misalignment,None,1.383,85.0,pass,15.0,normal
W0055,LOT-15,LITHO-04,2026-04-21,21.05446915155396,-0.19752078141846782,2.8919872697257207,43.944429087158994,0.8908239538402646,101.82687911833274,2,1.254987598732896,710,Misalignment,None,0.943,91.02,pass,8.98,normal
W0056,LOT-02,LITHO-04,2026-01-11,21.51196102449279,0.12613016823472542,2.228179551400324,45.80855327240131,1.5060671202029576,100.14896846890232,11,0.7304158638414961,515,Particle,Edge-Loc,2.328,79.46,fail,20.54,requires review
W0057,LOT-17,LITHO-02,2026-05-11,21.988676987338874,-0.24404651480277972,1.299524665441412,46.03263564955373,1.4573681715813331,100.81481301342949,7,4.357088542300152,560,Misalignment,Loc,2.516,79.22,fail,20.78,requires review
W0058,LOT-05,LITHO-03,2026-03-07,21.283963664655797,-0.1430279019225099,1.2478191435974713,46.870579497358904,1.3360510057351898,109.67843085534815,8,2.532254677365796,600,Particle,None,1.743,84.51,fail,15.49,normal
W0059,LOT-23,LITHO-01,2026-05-14,20.79555581687787,0.23464171220545574,1.2010045184696314,43.94866809092645,2.20382413934018,95.40709088822736,2,5.036378727162482,600,Misalignment,Edge-Loc,1.909,78.44,fail,21.56,requires review
W0060,LOT-21,LITHO-01,2026-04-08,20.508778158128326,0.15123962928495555,0.9626645209424336,44.72825449854703,1.6921440059269188,103.89919479632404,8,1.3704340988231063,515,Etch Residue,Center,2.097,81.75,fail,18.25,requires review
W0061,LOT-28,LITHO-04,2026-06-08,21.00629821041886,0.26773169214345527,2.2766397516129615,45.89672646137215,1.754134426506217,95.61938037502988,8,2.6274473737289723,530,Particle,Loc,2.072,79.53,fail,20.47,requires review
W0062,LOT-23,LITHO-03,2026-03-02,20.83540441286311,-0.0489013890637126,2.9875307451956177,45.06889208572579,1.174124279220264,101.5887133143727,5,2.0047715952683496,740,Particle,Center,1.904,76.62,fail,23.38,requires review
W0063,LOT-11,LITHO-01,2026-06-17,20.44171265184915,-0.20740479142981816,2.190608949152634,43.65920687753847,1.1502992880341458,100.35221555641408,12,1.0344083514996782,530,Etch Residue,None,2.198,89.96,pass,10.04,normal
W0064,LOT-30,LITHO-03,2026-06-02,22.12681560797481,-0.04327869547266171,0.6177096698635036,45.497539542032044,1.5128819246839342,94.07689247261646,6,1.3601862648445024,515,Misalignment,Edge-Ring,1.381,83.13,fail,16.87,normal
W0065,LOT-13,LITHO-03,2026-03-01,21.981842621139673,0.018365633503303357,2.066467677765816,45.6943939605782,1.560552498878279,103.4783428436483,9,2.52916682531035,515,Scratch,Loc,2.285,78.59,fail,21.41,requires review
W0066,LOT-10,LITHO-04,2026-03-28,21.624826775955487,0.014217968941201743,2.086040702357175,45.1055554755972,0.85029095150994,100.55585536366965,5,0.7295344368972282,530,Pattern Collapse,Center,1.494,83.45,fail,16.55,normal
W0067,LOT-28,LITHO-03,2026-04-06,20.49353228120498,0.2040624861762063,3.6671991251578078,45.263501912615936,1.436892542002663,94.02301589826727,5,3.258475178991389,740,Pattern Collapse,Scratch,2.534,75.9,fail,24.1,requires review
W0068,LOT-12,LITHO-02,2026-05-19,21.470260628363505,-0.06502867650062019,1.1800034609563108,44.689552917977124,1.5049252290057267,105.19035874494216,7,1.8934765246699237,530,Misalignment,Near-full,2.843,57.88,fail,42.12,requires review
W0069,LOT-03,LITHO-02,2026-05-05,21.351794525223845,0.06336620492452637,1.926525678180563,46.77393472285927,1.424697791980105,107.45302347635796,9,2.9878278196456467,515,Particle,None,2.285,81.82,fail,18.18,requires review
W0070,LOT-15,LITHO-02,2026-06-03,21.24340009331223,-0.17795288689822908,3.394096876381195,43.91916937954479,1.2153133556786633,107.66247250072698,3,2.196100428408498,560,Etch Residue,Loc,2.023,79.4,fail,20.6,requires review
W0071,LOT-24,LITHO-03,2026-03-08,21.68731589687408,0.08105711004788634,2.514984838942584,44.29521508468346,1.311162686327601,103.36403447447559,4,0.4240815059214938,515,Etch Residue,Edge-Loc,1.611,81.04,fail,18.96,requires review
W0072,LOT-06,LITHO-04,2026-04-01,21.349454128573704,0.000559539033414614,2.5943191514614976,45.01318261623303,1.4380992822495213,102.17502092659304,6,1.6702911398920668,515,Etch Residue,Center,1.829,84.91,fail,15.09,normal
W0073,LOT-14,LITHO-02,2026-03-19,21.407007829967384,-0.13496640089121315,2.280209105916715,46.054744833241074,1.5317800082635167,107.04699515940403,5,3.303740409700557,740,Misalignment,Center,2.331,75.63,fail,24.37,requires review
W0074,LOT-04,LITHO-01,2026-06-13,21.350298455854716,-0.04244928519147351,2.4309604770600854,43.20315219588655,1.7116770538926989,108.39305762429237,4,1.8743185396273714,600,Particle,Loc,1.741,83.41,fail,16.59,normal
W0075,LOT-21,LITHO-01,2026-02-24,21.187435274401157,-0.033151634372739894,2.744326671194975,43.427643900281474,1.8782996717328049,106.30756107092738,10,1.7006815334834045,515,Particle,Edge-Loc,2.409,77.49,fail,22.51,requires review
W0076,LOT-15,LITHO-03,2026-04-16,20.019013878657198,-0.04862792328067731,1.6333595767750637,42.55472579071834,1.3969782967654625,98.42215711152676,14,1.8730576973484252,530,Particle,Center,2.912,73.48,fail,26.52,requires review
W0077,LOT-10,LITHO-04,2026-01-22,21.045991592575806,0.318841423608183,2.81464100523574,45.03923427030392,1.3403453313596247,102.76511044221671,3,0.3323676002819224,515,Particle,None,1.246,88.49,pass,11.51,normal
W0078,LOT-07,LITHO-01,2026-06-03,20.694094422632983,-0.017720280415418333,1.238897888180123,43.658033019352146,1.6531794857370072,103.67016134830743,8,3.522649673439587,515,Pattern Collapse,None,2.267,78.62,fail,21.38,requires review
W0079,LOT-17,LITHO-01,2026-03-11,20.296087473297987,-0.04390129983192079,2.429857580982077,44.5385398679785,1.713795720743799,95.12345551811453,15,0.178472674838653,560,Particle,Random,3.016,72.86,fail,27.14,requires review
W0080,LOT-21,LITHO-03,2026-03-03,21.924999140615455,-0.3775411723698255,2.325118674300429,45.79365382787005,1.34802984835939,103.78357050655895,7,3.992033250950808,560,Etch Residue,Edge-Ring,2.653,75.23,fail,24.77,requires review
W0081,LOT-29,LITHO-01,2026-04-15,21.950947437487137,-0.16095732335630591,1.7685948382655248,44.23014873506058,1.7766377169381602,110.63736893872168,4,1.2996571522325404,600,Pattern Collapse,None,1.219,92.02,pass,7.98,normal
W0082,LOT-14,LITHO-04,2026-03-31,21.747571330162586,-0.04735321640214351,2.1841203072720474,45.277538427292036,1.8428548694045905,104.431757430043,6,2.2997240243603985,740,Misalignment,Near-full,2.666,55.86,fail,44.14,requires review
W0083,LOT-05,LITHO-02,2026-06-02,21.14036737927073,-0.1234534817117957,1.764221893134113,44.64079451069794,1.9520902629805357,107.59896970947867,9,0.3034941630837547,515,Misalignment,Loc,2.089,80.25,fail,19.75,requires review
W0084,LOT-25,LITHO-01,2026-04-06,21.742843816523962,0.24870736680800343,1.4498090711967793,45.806537178115725,2.122412317351938,102.69507597448909,12,2.8083647249081705,740,Etch Residue,Center,2.745,72.5,fail,27.5,requires review
W0085,LOT-19,LITHO-04,2026-04-04,21.006629249331002,-0.02968879957131935,1.9524696808704491,45.57015368081761,1.1967543514691963,101.72177036886148,10,2.504520374872297,560,Particle,None,2.074,87.06,pass,12.94,normal
W0086,LOT-22,LITHO-01,2026-01-19,21.11153850229378,0.23191996487728542,1.4272079552398371,44.16967956459047,1.504864373266379,103.44883128230771,6,2.40508601693393,515,Misalignment,Center,2.243,75.58,fail,24.42,requires review
W0087,LOT-03,LITHO-02,2026-01-04,20.398590746245908,0.011106834129066243,2.425958224865274,44.79761789591946,1.503947193816531,98.89985873765916,13,0.2891763546850658,710,Scratch,None,2.044,86.69,pass,13.31,normal
W0088,LOT-10,LITHO-01,2026-03-13,21.21834521747436,0.006701010555883794,1.3949401540933457,46.25249207726459,1.4656742510136223,98.33765428850933,7,0.9277645720666695,515,Etch Residue,None,1.426,90.85,pass,9.15,normal
W0089,LOT-24,LITHO-01,2026-06-29,21.03321226063343,-0.01598336058825017,2.698383916093736,45.47205224430492,1.2727579781364524,106.81195731724358,3,2.2038880680852966,560,Scratch,Edge-Loc,1.903,80.29,fail,19.71,requires review
W0090,LOT-25,LITHO-01,2026-06-15,20.283541335741045,0.0006833252918626438,1.3729646524498262,43.32364553069864,0.9800532988691251,107.21490090289277,5,3.4620207045414064,600,Pattern Collapse,Random,1.948,73.74,fail,26.26,requires review
W0091,LOT-14,LITHO-01,2026-04-24,20.971841588500872,0.30938310054897467,1.8035935590932959,45.78674167340566,1.5324378061101513,98.23379600076807,9,0.8194039384094741,515,Misalignment,None,1.832,83.22,fail,16.78,normal
W0092,LOT-25,LITHO-01,2026-04-24,20.956148739878756,-0.4175299308152193,1.762777614249375,43.698467253076515,1.2310755191582308,105.67839545730469,10,0.8382541878089349,710,Etch Residue,Near-full,3.386,57.95,fail,42.05,requires review
W0093,LOT-26,LITHO-01,2026-03-12,21.988658641654553,-0.3602782339989622,3.127602710212387,46.69501568395321,1.5300977182616688,101.66955209269712,7,2.1075635022186927,515,Etch Residue,Random,2.588,70.95,fail,29.05,requires review
W0094,LOT-12,LITHO-03,2026-02-01,21.491817330682377,-0.09777074959010049,2.4312029619316147,46.22891860780923,1.2220847604054013,103.29127258306363,3,6.731210890776479,710,Etch Residue,None,2.589,78.52,fail,21.48,requires review
W0095,LOT-27,LITHO-03,2026-01-02,21.006294991500305,0.0026150187487623986,2.0517863382189243,45.347862571102084,1.1151195789544806,103.74883082985325,7,1.0488042080615756,515,Etch Residue,None,1.843,86.31,pass,13.69,normal
W0096,LOT-09,LITHO-02,2026-03-02,21.136833020390597,0.12421879645752222,2.5491036087488066,45.188679412123435,1.5820044261319142,105.7785317788724,3,1.2879761344564264,515,Etch Residue,Edge-Ring,1.608,84.63,fail,15.37,normal
W0097,LOT-08,LITHO-02,2026-02-26,21.02431680795731,0.08515569564494553,0.7249653568692187,44.7491612927671,1.5528225343822735,102.31432916708012,7,1.1493903825653913,530,Scratch,Edge-Ring,1.208,87.75,pass,12.25,normal
W0098,LOT-21,LITHO-02,2026-02-04,20.88839730836245,-0.06916426431850263,2.169806487251365,45.81422874168003,1.7027486899623265,107.35861558214735,5,1.55418553174539,710,Misalignment,None,1.396,85.89,pass,14.11,normal
W0099,LOT-20,LITHO-04,2026-02-16,20.40466504143644,0.18342786478351722,3.598259924463334,44.55506619664553,2.265052318246169,103.17576879108772,8,3.6374977854164543,515,Etch Residue,Edge-Loc,2.931,71.44,fail,28.56,requires review
W0100,LOT-05,LITHO-04,2026-01-05,20.91692146731619,0.18543517256749156,2.292642554481871,45.282683844767874,1.5970513359237963,104.37190023538422,5,1.6140539634412654,740,Particle,Edge-Loc,1.613,84.42,fail,15.58,normal
W0101,LOT-25,LITHO-01,2026-04-20,20.589645958841118,0.03313040962888179,2.247539218418535,46.04632123982334,1.6697786184724452,98.83360215215846,6,7.133662271562983,515,Etch Residue,Edge-Ring,2.816,71.51,fail,28.49,requires review
W0102,LOT-06,LITHO-01,2026-06-16,20.31232645359227,0.17327836304763142,2.5836898657495375,44.32583214776929,1.1228535348964361,110.20290424067836,5,1.8277008955320813,530,Etch Residue,Edge-Ring,1.983,74.99,fail,25.01,requires review
W0103,LOT-25,LITHO-01,2026-05-05,21.281171998001145,0.049076147417783184,2.826923670320042,44.260568712011164,1.049582395812269,103.78533470817887,6,3.861418201965264,530,Scratch,None,2.475,81.74,fail,18.26,requires review
W0104,LOT-01,LITHO-01,2026-03-22,21.21519556296328,-0.10106694482091905,0.8017733149770985,43.56676142313065,2.053990306370667,104.70939021631138,17,1.3604834618934434,515,Misalignment,None,2.388,80.92,fail,19.08,requires review
W0105,LOT-24,LITHO-03,2026-03-17,20.017310868747558,0.12560703102000084,1.0223714627462814,43.722632704648596,1.1767820770233437,95.88889391739615,13,0.6042572944892645,740,Misalignment,None,1.892,87.55,pass,12.45,normal
W0106,LOT-24,LITHO-02,2026-02-25,20.93252344937768,0.019910362064161986,2.3472039037603025,42.805925626270195,1.1346195749859753,98.87373231229941,6,1.6121523791493189,530,Misalignment,Random,2.096,80.35,fail,19.65,requires review
W0107,LOT-24,LITHO-01,2026-01-26,21.54763576224496,0.00024117241580764724,1.6995864066717434,45.87579454681863,1.4863153775742064,106.70395801409117,5,2.4290183480519785,600,Particle,Random,2.076,76.91,fail,23.09,requires review
W0108,LOT-20,LITHO-02,2026-04-18,21.582573056392977,0.2651316429941234,3.11841768355394,47.170697450499325,1.4684326553179141,103.0901862495119,8,0.9344245621162313,560,Particle,Loc,2.206,82.29,fail,17.71,normal
W0109,LOT-15,LITHO-02,2026-04-12,21.56421026358688,-0.4411569831372156,1.9793779270803435,46.71039473216437,1.1841227227448479,94.72763700765009,4,3.4809809926398727,560,Pattern Collapse,None,2.083,83.3,fail,16.7,normal
W0110,LOT-22,LITHO-01,2026-01-02,21.021402263795803,-0.25518315062872254,0.8458284850008178,43.04869861364818,1.393259373450415,105.94550173013852,12,1.1924889902659441,560,Particle,Center,2.18,82.69,fail,17.31,normal
W0111,LOT-09,LITHO-04,2026-03-16,20.535225069616967,-0.2136726767473866,1.3123902582092022,45.86982560586744,1.9302815011775365,99.93362534345965,9,0.7306683854403438,740,Pattern Collapse,None,1.729,84.71,fail,15.29,normal
W0112,LOT-24,LITHO-01,2026-02-20,20.403965644953068,-0.065386916562385,0.27522678625859753,46.706527619908265,1.2179022369088708,107.36300454633151,4,6.31041626829871,600,Particle,None,2.036,81.66,fail,18.34,requires review
W0113,LOT-17,LITHO-04,2026-01-31,21.189532697612698,-0.04582947055788542,2.0361121239019613,44.451828023113606,1.01221463047184,101.66622442130594,7,0.8953716911496292,560,Etch Residue,None,1.564,89.22,pass,10.78,normal
W0114,LOT-14,LITHO-01,2026-05-07,21.20860401890084,-0.2713186165991485,2.0681311109149316,45.12173691678006,1.8299077673149273,102.77788540687801,3,1.1658005515810381,600,Misalignment,Loc,1.709,82.44,fail,17.56,normal
W0115,LOT-16,LITHO-04,2026-04-05,21.708032111382785,-0.17732844581594873,1.9028761031526717,42.59052833903439,1.672303919178313,106.48002739864826,8,2.6978588061472792,560,Etch Residue,None,2.095,86.15,pass,13.85,normal
W0116,LOT-18,LITHO-04,2026-04-25,21.604988807688144,-0.15495150213424264,2.9552153273208175,45.32008340157197,1.2828184827729685,98.58952671075228,9,1.3259642222404728,530,Etch Residue,Edge-Loc,2.483,77.07,fail,22.93,requires review
W0117,LOT-02,LITHO-04,2026-05-09,20.927274238907856,0.4423363365736605,3.0389638855616856,43.72372832467834,0.9462415443555787,98.22718213023103,10,0.7533177012181894,600,Etch Residue,Scratch,2.526,82.19,fail,17.81,normal
W0118,LOT-05,LITHO-04,2026-06-26,20.31568676662652,0.32431355059448636,2.0807281036507224,45.23956202149382,1.239381825246503,101.2533060024872,7,1.079030939766037,530,Scratch,Edge-Loc,2.044,85.81,pass,14.19,normal
W0119,LOT-08,LITHO-03,2026-05-25,20.824491371644005,-0.07411489518323687,0.705714432766201,43.12655649337334,1.480853447102755,105.14325663856064,9,5.24604795779204,710,Misalignment,None,2.25,81.82,fail,18.18,requires review
W0120,LOT-04,LITHO-03,2026-04-22,21.119477157145788,-0.06544499225522381,2.632097106344581,45.65142986937312,1.9079852314593366,96.94266644006873,7,2.486702829260378,740,Particle,Random,2.325,76.43,fail,23.57,requires review
W0121,LOT-14,LITHO-03,2026-06-08,20.888854215035828,-0.20685671949389295,2.588752159956003,46.22941521051203,1.13719630879562,95.66146852042144,6,2.817624765230407,740,Particle,Edge-Loc,2.467,79.9,fail,20.1,requires review
W0122,LOT-21,LITHO-01,2026-03-27,20.68215824055729,-0.34346347438054803,2.416574099109862,44.0601841659418,1.4704180414709842,105.13013952276641,5,2.03791944205042,710,Etch Residue,Center,2.217,74.92,fail,25.08,requires review
W0123,LOT-20,LITHO-03,2026-06-27,21.139086648233445,-0.021038433553534325,2.887035824515681,43.635692902307476,1.7363006309632143,99.70868241224538,2,2.278881508347169,560,Misalignment,Edge-Loc,1.592,79.17,fail,20.83,requires review
W0124,LOT-15,LITHO-02,2026-05-18,20.722823242224162,-0.1796133569839246,1.3846203324772723,42.412772348940024,0.6665564309573279,100.50954115090292,8,1.2520295068897016,600,Misalignment,Near-full,2.959,60.99,fail,39.01,requires review
W0125,LOT-26,LITHO-04,2026-04-28,20.654563653951044,-0.015273095699161758,3.6061287703295974,44.68030375910979,1.8618251587786148,94.94412047262738,10,1.8663099525891926,515,Etch Residue,Center,2.314,77.47,fail,22.53,requires review
W0126,LOT-17,LITHO-02,2026-06-12,21.171299058866893,-0.28803705282782593,1.5284005728006926,44.302087278862075,1.086142299727747,99.41987860546247,5,0.2627745668528046,560,Misalignment,Center,1.497,82.66,fail,17.34,normal
W0127,LOT-03,LITHO-02,2026-04-03,20.77890408092894,-0.1371554024958464,2.7244560490405982,43.13877670518234,1.616198422709927,101.97124427280163,12,3.1685308947747073,515,Etch Residue,Center,3.175,71.55,fail,28.45,requires review
W0128,LOT-23,LITHO-03,2026-05-10,21.134257413938094,0.026752877154509552,1.018856613910654,45.543622507574604,1.5863391023637603,105.53543585896699,9,1.2434202515378812,515,Etch Residue,None,1.664,81.74,fail,18.26,requires review
W0129,LOT-18,LITHO-01,2026-02-21,21.150262212568666,0.06591772760110873,1.5488147189109647,44.46003554176242,1.8796052370123457,99.06932536830837,7,0.651747990229614,740,Etch Residue,Loc,1.728,82.9,fail,17.1,normal
W0130,LOT-20,LITHO-01,2026-06-23,20.373314049399635,0.07514495257356262,3.2614580527077353,43.70911684962572,1.692823533312739,108.29802925688348,6,1.941259172007124,710,Etch Residue,None,1.461,85.28,pass,14.72,normal
W0131,LOT-17,LITHO-02,2026-04-23,20.735317381874022,-0.2376880171482667,2.017370123899405,44.334513113231466,0.6679483278945066,99.39868710811676,5,1.4739497942253688,560,Scratch,None,1.523,89.58,pass,10.42,normal
W0132,LOT-17,LITHO-02,2026-05-21,21.790777316954056,0.1538434314244011,2.787945823592959,46.28556544671554,1.225327263495403,99.40425115397633,7,3.095952421519751,515,Etch Residue,None,2.269,84.24,fail,15.76,normal
W0133,LOT-03,LITHO-01,2026-03-24,20.36085626799614,-0.14403810538833306,2.3658687721034726,45.723524332506265,1.548371795273648,107.84195869721165,7,1.6377446720765738,600,Pattern Collapse,None,1.94,86.29,pass,13.71,normal
W0134,LOT-17,LITHO-02,2026-06-06,19.835840053066207,0.11391442462931516,2.1265292907998794,44.843968726201815,1.4317570398580746,102.80354857898288,4,1.0608404439133412,530,Particle,None,1.564,88.42,pass,11.58,normal
W0135,LOT-24,LITHO-02,2026-01-14,19.97598516571662,-0.0019149617912747664,3.154695227452883,45.742926022157825,1.6671637554148697,99.902306029756,5,1.6661545995002873,710,Etch Residue,Edge-Loc,1.968,77.08,fail,22.92,requires review
W0136,LOT-10,LITHO-02,2026-01-21,21.016010470617168,-0.2477497498340306,2.03433882274367,43.60690565233591,1.776278294484397,101.41049410151375,2,4.143527176074019,740,Etch Residue,None,1.749,85.59,pass,14.41,requires review
W0137,LOT-19,LITHO-02,2026-04-02,21.017004502917985,-0.05691558682461383,0.953483324705571,45.03884412087244,1.7129581077503877,107.14167959465982,6,3.162570191894363,530,Misalignment,None,1.501,88.14,pass,11.86,normal
W0138,LOT-01,LITHO-03,2026-05-12,20.935314029516185,0.06576547357147816,1.6377319356338067,45.17678679658376,1.4250037701059373,107.57157071457759,8,2.4824136580995337,515,Particle,Near-full,3.132,59.02,fail,40.98,requires review
W0139,LOT-11,LITHO-02,2026-05-26,21.667804405910676,0.11033376848542782,2.585834210091186,44.43619618980153,0.8537820461078319,98.89618591877303,3,3.2514009747641834,515,Misalignment,Scratch,1.838,84.3,fail,15.7,normal
W0140,LOT-14,LITHO-04,2026-03-21,19.529941061793384,-0.02537782153999535,2.4768563744537557,45.5225500031489,1.340581562900814,101.8387515216994,7,2.6103458709993728,515,Misalignment,Center,2.014,74.41,fail,25.59,requires review
W0141,LOT-30,LITHO-04,2026-04-27,21.217763630936954,0.2757202003081895,1.1030592248351936,44.06347985442666,1.6457288518486344,102.34259594513678,5,0.8431924283927041,530,Scratch,None,1.121,89.53,pass,10.47,normal
W0142,LOT-07,LITHO-02,2026-04-10,21.858791010991965,0.1813519387775806,1.6929602364142595,45.61178484933134,1.118343461607333,98.25228758003693,5,2.8325522820782174,515,Misalignment,None,2.009,82.23,fail,17.77,normal
W0143,LOT-09,LITHO-02,2026-06-23,20.379720579309556,-0.04619774095195551,1.7927950555584276,45.66223052583755,1.7209461555425518,101.78839679993003,5,3.5015224478364173,515,Particle,None,1.807,84.89,fail,15.11,normal
W0144,LOT-13,LITHO-03,2026-04-28,20.791106418515557,0.13502192618465,1.9441712841200427,41.49940814316352,1.8179376540435566,102.02022686971647,12,3.628015347478264,515,Misalignment,None,2.67,79.71,fail,20.29,requires review
W0145,LOT-30,LITHO-04,2026-03-17,20.58590944552426,0.34808282733387363,1.2368604879789142,46.42836684421214,1.5444034417035448,106.3327960199596,9,0.7002772680955358,515,Misalignment,Random,2.029,78.05,fail,21.95,requires review
W0146,LOT-26,LITHO-03,2026-06-24,20.50810967465736,0.35288722814094486,1.7601402243163653,41.342840921576695,0.42767704679066143,106.58821510758256,10,1.1684081292508521,600,Particle,Edge-Ring,1.892,84.95,fail,15.05,normal
W0147,LOT-02,LITHO-04,2026-01-20,20.820555897237327,-0.22103997854804952,1.6899726603183312,44.26074116933265,1.0526690730508688,100.74900428623577,9,1.0382182948993255,515,Misalignment,None,2.0,82.8,fail,17.2,normal
W0148,LOT-08,LITHO-03,2026-06-27,21.785116906026477,-0.16677596000828712,2.7400732818333435,46.230417641109305,2.1601662054946287,101.18697805332891,7,1.3507279915127057,710,Misalignment,Scratch,1.789,78.67,fail,21.33,requires review
W0149,LOT-25,LITHO-03,2026-01-28,22.010562671518137,0.26728538161209314,2.7663849176931707,44.61925592969707,1.3087117724400676,104.52431074781141,7,2.3126153088773127,515,Particle,None,2.005,81.61,fail,18.39,requires review
W0150,LOT-02,LITHO-02,2026-02-21,20.81523342622792,-0.1904905891507747,2.097932679337829,43.24057682103655,0.8055498719048515,99.77628389407735,6,1.9074872043071371,515,Etch Residue,None,1.761,85.0,pass,15.0,normal
W0151,LOT-26,LITHO-03,2026-05-28,22.04778311773546,-0.23805740399250222,1.9255721428904882,43.68751552593999,1.9323365859085953,104.23683257660213,5,1.9078767751374464,515,Misalignment,None,1.689,83.45,fail,16.55,normal
W0152,LOT-09,LITHO-01,2026-05-13,21.019567062341544,-0.08751494352582843,2.2979470184273794,46.23228689558474,1.5046744570402855,101.66595534799698,9,0.5467778653683699,600,Etch Residue,None,1.711,86.93,pass,13.07,normal
W0153,LOT-28,LITHO-03,2026-06-24,21.964530064685594,0.07564080770542543,1.6283974247810977,42.69419456334163,1.8867291711352039,98.31628540459324,12,1.1351199774665157,515,Misalignment,Near-full,3.012,57.43,fail,42.57,requires review
W0154,LOT-09,LITHO-04,2026-05-15,20.94868574269058,-0.018431407189997345,1.3972175424827915,46.35478932115442,1.5969355363267779,98.36402049105735,13,3.7992232872049314,560,Particle,None,2.483,78.94,fail,21.06,requires review
W0155,LOT-14,LITHO-01,2026-04-25,21.07208180432538,-0.11710145167300658,1.5418451537519984,44.93387748114925,1.660495697674259,107.49882304491818,7,3.491866194539019,515,Pattern Collapse,Edge-Loc,2.117,80.92,fail,19.08,requires review
W0156,LOT-20,LITHO-03,2026-03-04,21.20101095995356,-0.12135824311041161,1.7556307852199806,43.56912560346908,1.6270532367000807,101.40559837925547,4,1.618094668048297,740,Misalignment,None,1.297,88.53,pass,11.47,normal
W0157,LOT-04,LITHO-01,2026-01-01,22.748369523652144,-0.12822067159428757,1.3855683401454106,44.300261913236774,1.74412090917235,108.23334555681359,5,2.8376018245120975,515,Particle,Random,2.23,78.29,fail,21.71,requires review
W0158,LOT-17,LITHO-03,2026-01-23,21.468207066164634,-0.15831173315860966,2.3134416913440123,43.77933079067803,2.297100656994634,100.04818220928334,3,2.1745624488429525,530,Scratch,Edge-Loc,1.568,82.14,fail,17.86,normal
W0159,LOT-16,LITHO-01,2026-02-23,20.611004508526694,0.41069391790969106,2.710800971648596,46.03947024103024,1.8398522175857157,103.10657976429968,5,3.042328155878033,710,Particle,Center,2.42,75.65,fail,24.35,requires review
W0160,LOT-24,LITHO-04,2026-01-08,21.532948828651723,0.05355199281339988,1.089031189441231,45.878913371715406,0.9468812387540628,111.09217154746932,5,2.918925877037448,515,Etch Residue,None,1.636,84.8,fail,15.2,normal
W0161,LOT-30,LITHO-01,2026-04-02,20.800992104603612,0.15961662979285293,2.2175900978512235,42.937006639348745,1.6563315303476163,97.98193037027954,13,1.7117683496842686,515,Etch Residue,Random,3.002,72.21,fail,27.79,requires review
W0162,LOT-20,LITHO-04,2026-05-20,20.730637399404333,-0.08803394426140626,2.0460449433135652,44.5156894577768,1.8995182688361263,94.78830490038085,6,2.492575645971801,710,Pattern Collapse,Center,2.117,79.62,fail,20.38,requires review
W0163,LOT-13,LITHO-04,2026-06-23,21.49973074794066,-0.03347220189348879,2.4390560798757623,43.964177205186864,1.9209452822876512,106.88904249889148,7,2.271815225346071,515,Pattern Collapse,None,2.091,82.71,fail,17.29,normal
W0164,LOT-13,LITHO-03,2026-03-30,21.017097073274133,-0.1284397166466639,2.1909428623274887,46.55221196215125,1.3506882559293152,98.85812539950632,5,1.7439963884345187,515,Particle,Near-full,2.834,59.31,fail,40.69,requires review
W0165,LOT-13,LITHO-03,2026-06-07,21.153216752981493,-0.4773075002854563,1.1824805040478585,43.379881058248294,1.9077305558158446,101.92131581639632,6,1.488416177382496,530,Etch Residue,None,1.671,85.08,pass,14.92,normal
W0166,LOT-25,LITHO-03,2026-06-27,21.007691872025912,-0.2480416698326159,1.3163274907999845,46.92507492562201,1.8247098398429218,99.77351080028397,6,4.801929068521041,515,Particle,None,1.897,84.94,fail,15.06,requires review
W0167,LOT-10,LITHO-04,2026-06-04,21.185120719632987,-0.32591136239647106,2.220596502909481,44.96004631257968,2.4003811029394053,103.0190185676302,4,1.7455275643994714,740,Etch Residue,Center,1.463,80.68,fail,19.32,requires review
W0168,LOT-06,LITHO-01,2026-03-25,21.233731243589883,-0.40496108003128933,2.9201466438218566,43.605678712343895,1.2374993923130209,98.38796241269418,6,2.724241104805689,600,Etch Residue,None,2.21,84.46,fail,15.54,normal
W0169,LOT-11,LITHO-03,2026-02-28,19.934668187012022,-0.2151646153736585,0.6500688402698982,44.18727097918887,1.322409798259851,101.31622766604343,5,4.5738289473108855,560,Particle,Center,2.247,76.35,fail,23.65,requires review
W0170,LOT-01,LITHO-01,2026-06-26,21.366614967735245,0.23849202228869354,2.442008605861106,44.03805739107786,1.392858333039016,103.70929824091483,10,2.4898330458636946,515,Particle,None,2.439,85.11,pass,14.89,normal
W0171,LOT-04,LITHO-03,2026-02-13,20.459889319093335,-0.007998510186783795,3.0327354037013503,43.47045791758139,1.3284222474864287,98.1684262321578,5,2.4165025310254555,600,Particle,None,1.805,82.22,fail,17.78,normal
W0172,LOT-03,LITHO-01,2026-03-16,20.206735475442322,0.23230147721781133,2.092881886655651,45.11379223167645,1.188492737582739,99.33968068734562,4,1.7526671241954002,600,Particle,None,1.807,82.3,fail,17.7,normal
W0173,LOT-24,LITHO-03,2026-01-14,20.967873815877724,0.07397686384215756,2.5851417472185085,43.52650133916979,0.5330635730141899,100.67994523232558,14,2.299221006948233,515,Particle,None,2.625,79.28,fail,20.72,requires review
W0174,LOT-22,LITHO-03,2026-05-23,21.04618955182295,0.14086058862872866,1.7078516433715387,42.38356054951417,1.347855184196903,96.57050134994014,6,1.399111178382544,740,Scratch,Random,2.046,74.62,fail,25.38,requires review
W0175,LOT-21,LITHO-02,2026-04-27,20.618571609485244,-0.16216145915482352,2.1164436605061865,44.54438823498219,1.6292753208949666,100.39426826536476,4,7.702965364598198,560,Misalignment,Center,3.015,66.02,fail,33.98,requires review
W0176,LOT-14,LITHO-02,2026-01-16,21.457067521717384,0.09431117175468073,1.0653605371842942,42.83657256429854,1.3273723540729312,102.45142685163103,7,0.5584488270917745,710,Scratch,Center,1.99,81.89,fail,18.11,requires review
W0177,LOT-22,LITHO-03,2026-02-09,20.261803658496,0.13116856213338227,0.5589596841067885,44.09740695831898,2.177383414235188,100.48171402196397,8,1.5561667081823272,515,Scratch,None,1.527,87.88,pass,12.12,normal
W0178,LOT-05,LITHO-03,2026-04-10,20.77618093817509,-0.10379651260206472,2.859936060857693,43.90907653367597,1.504681534450552,100.96876932685944,4,2.5169415121466514,515,Etch Residue,Edge-Ring,1.873,80.19,fail,19.81,requires review
W0179,LOT-28,LITHO-02,2026-04-08,20.67831922578685,0.10071726671090994,1.5105035505928908,43.954540713569024,1.9518601693144473,101.92437365055497,8,2.4179394107043883,600,Misalignment,None,1.663,85.29,pass,14.71,normal
W0180,LOT-16,LITHO-03,2026-05-25,20.974377001313364,0.10191379654346992,1.8811305084975989,47.40115572190818,1.5914971444554888,99.50817484275721,9,1.3973421430494093,710,Scratch,None,2.172,82.69,fail,17.31,normal
W0181,LOT-29,LITHO-04,2026-02-17,21.15337535655598,-0.09891947180341491,1.229490422710865,45.067693880603485,1.7892425584626404,104.62603775029413,7,0.38791218631209656,530,Etch Residue,Edge-Loc,1.689,87.45,pass,12.55,normal
W0182,LOT-05,LITHO-01,2026-06-16,20.44565887770705,-0.2020983178087791,1.2130212078412872,45.2944452107944,1.5977345438767467,107.45671687424675,3,0.643836544794796,515,Etch Residue,Center,1.452,81.56,fail,18.44,requires review
W0183,LOT-15,LITHO-01,2026-03-22,21.398355472600926,-0.213143099741689,2.078313609933769,42.868322044389245,1.9790746211662469,100.2353545096573,4,2.0001168790172783,710,Scratch,Edge-Ring,2.297,76.63,fail,23.37,requires review
W0184,LOT-21,LITHO-01,2026-05-29,21.034651302584084,0.015570997545863122,1.6892959641050478,44.215244239635695,1.5195787725463403,103.84375327961529,9,0.281297794113733,515,Etch Residue,Near-full,2.921,60.76,fail,39.24,requires review
W0185,LOT-15,LITHO-03,2026-02-12,19.959429560678448,0.058861776382076667,2.464579698596289,45.258363155929814,1.673642247831075,101.08945480934834,8,2.634585932900622,530,Misalignment,Loc,2.125,78.89,fail,21.11,requires review
W0186,LOT-14,LITHO-02,2026-01-07,19.922774707781635,-0.1426546494824246,2.5167768932857144,43.770565304504395,1.6282165267775153,103.38885191114632,8,3.6805695190438454,600,Scratch,None,2.325,85.99,pass,14.01,normal
W0187,LOT-05,LITHO-03,2026-01-10,20.99322438888888,0.004785361438697755,2.4245947524272253,46.08967541222158,1.3991000896554384,107.94996221857237,5,2.9450087437961616,515,Misalignment,None,1.701,84.05,fail,15.95,normal
W0188,LOT-12,LITHO-03,2026-03-09,20.878467975217504,0.10269666650492737,2.367020553649911,43.55676409691876,1.641743811623637,103.93290626346878,5,3.327982254385975,515,Scratch,None,1.886,85.94,pass,14.06,normal
W0189,LOT-08,LITHO-02,2026-06-21,20.943118937533953,0.11127432863975414,3.30443774345232,44.656360636961786,2.2820351861691885,95.26102475252321,8,0.2932264448750623,515,Particle,Loc,2.04,83.8,fail,16.2,normal
W0190,LOT-10,LITHO-04,2026-01-09,20.98460964890838,0.2793384216220479,1.45268436166858,44.29673803202933,1.4053610702665953,103.72518339949845,7,1.4383566309128297,740,Particle,Random,1.972,77.06,fail,22.94,requires review
W0191,LOT-21,LITHO-03,2026-03-08,21.1240579117306,0.2298565497956478,2.1615455936579577,45.1971847912583,1.646812712498637,106.68488222457424,6,0.7898233876598431,530,Misalignment,Random,1.745,78.02,fail,21.98,requires review
W0192,LOT-19,LITHO-01,2026-01-20,21.521207285416565,-0.18023245789617792,2.9928828743637124,44.23141191377349,1.9402226328043048,101.15793455400721,6,0.4542455408817627,600,Particle,None,1.955,87.26,pass,12.74,normal
W0193,LOT-19,LITHO-02,2026-06-17,20.388892304495343,0.303045517716844,3.0851778665366254,44.67492764751488,1.899088648330498,105.78341226324777,4,1.2253453217971144,740,Pattern Collapse,Loc,1.94,82.55,fail,17.45,normal
W0194,LOT-11,LITHO-02,2026-05-02,20.355415623904562,-0.09557577082002866,1.2047654454587993,44.71664388986642,1.504100746201778,99.37756094362261,2,4.503322198362281,600,Particle,Center,1.897,74.71,fail,25.29,requires review
W0195,LOT-29,LITHO-01,2026-05-18,20.398671878161938,0.18807710624179694,1.9813511908408912,44.11873469113044,0.6658139539649235,96.35495119381537,6,5.286784921328726,560,Etch Residue,Loc,2.694,71.9,fail,28.1,requires review
W0196,LOT-03,LITHO-01,2026-05-09,21.15890416694279,0.012237592689195992,3.1506847671070823,45.582112642196535,1.6808459865269632,102.53644227156403,5,0.8772789399168006,560,Particle,Center,2.027,73.46,fail,26.54,requires review
W0197,LOT-11,LITHO-04,2026-04-29,21.684721058255544,-0.07418688812225416,2.555655373639346,45.28606604980491,0.7231840094819316,95.32538846116401,6,1.833270694208957,530,Pattern Collapse,None,1.86,86.56,pass,13.44,normal
W0198,LOT-04,LITHO-02,2026-05-20,20.762763308968267,-0.3253854347594879,2.336684122035841,44.8936632656962,2.014478030829431,101.08887015100436,8,2.277456521712362,560,Misalignment,None,2.241,82.27,fail,17.73,normal
W0199,LOT-11,LITHO-02,2026-01-02,19.62406508571219,-0.030881611838942672,2.0476207145957406,44.483449999845654,1.5593158549176411,106.89000059805291,8,1.4460119725336582,740,Particle,Random,2.241,76.22,fail,23.78,requires review
W0200,LOT-29,LITHO-03,2026-06-05,20.062803925564292,-0.2806889823550096,1.9313393520045783,45.955852836624,1.849885906955196,94.74290095816413,7,3.8489303974965456,710,Particle,None,2.327,77.48,fail,22.52,requires review
W0201,LOT-11,LITHO-03,2026-05-14,20.541829802462193,0.17411386245169902,2.401753344163227,44.71699890742298,1.1842611016366322,97.13791217552719,7,1.2396011584716793,530,Misalignment,None,1.934,82.76,fail,17.24,normal
W0202,LOT-28,LITHO-04,2026-05-14,20.69324911187763,0.27302267828506466,2.023338112510862,44.63196325460888,0.956622384344981,98.078277468386,10,1.0869251719930118,530,Pattern Collapse,None,2.06,83.75,fail,16.25,normal
W0203,LOT-15,LITHO-03,2026-03-12,20.775386255009902,-0.14344397807340423,2.170194965268889,45.12562803586575,1.5912640344494084,101.75938453309836,7,0.9159237146006797,740,Pattern Collapse,None,1.654,85.58,pass,14.42,normal
W0204,LOT-21,LITHO-02,2026-05-25,21.021219617639506,0.0543547336534688,2.2550190942805264,47.035904019565024,1.4882387960153503,100.6102762145444,6,1.438548336988595,515,Misalignment,Random,2.325,76.35,fail,23.65,requires review
W0205,LOT-14,LITHO-02,2026-03-10,20.828539518047656,-0.13057047396143556,1.7253499300545507,43.391572550374555,1.327960710844992,107.31671825044513,6,0.10373123164499966,710,Misalignment,None,1.272,91.29,pass,8.71,normal
W0206,LOT-08,LITHO-04,2026-01-09,21.577136785798874,-0.11312725142462213,2.572490561717007,45.92382827166642,1.5296314482564672,105.62652365054845,6,1.489303134190569,515,Particle,None,1.833,90.8,pass,9.2,normal
W0207,LOT-23,LITHO-03,2026-06-13,20.628190481875247,0.13940904669576684,4.239971253890793,42.72819460651427,2.468602562211291,103.88203719506068,5,1.9124830596451123,600,Misalignment,Loc,2.366,77.96,fail,22.04,requires review
W0208,LOT-30,LITHO-04,2026-02-12,20.525725122288453,-0.0069368871318142514,0.9561093524717477,45.26072778987435,1.79208394157917,102.55339519450676,12,1.9968900922942603,710,Etch Residue,Center,2.305,80.29,fail,19.71,requires review
W0209,LOT-08,LITHO-01,2026-01-19,21.263381546186253,0.3131366475475821,2.426808766932986,46.89009939313048,1.8673245120521615,103.49427315254235,6,0.749994507750383,560,Particle,None,1.527,85.93,pass,14.07,normal
W0210,LOT-24,LITHO-04,2026-04-22,20.155396861540634,-0.08680184616652578,1.6678669379667663,45.58640222936077,1.7953779120436744,98.72446704980918,6,1.9706183088477196,515,Etch Residue,None,1.604,82.92,fail,17.08,normal
W0211,LOT-08,LITHO-03,2026-02-12,21.214330437926,0.17988053984540806,2.604181804263475,45.20475009424775,2.0178117503482675,105.25739934351513,4,1.942408009374337,710,Scratch,None,1.591,85.73,pass,14.27,normal
W0212,LOT-22,LITHO-01,2026-06-04,21.056404251049447,0.017534414332400758,2.2325902313295027,44.32746063743631,1.4334749144847394,97.77423183343504,8,1.9722928000000914,530,Particle,None,1.709,82.34,fail,17.66,normal
W0213,LOT-24,LITHO-03,2026-03-21,20.918906630545006,0.14324004175396196,2.7332983418297245,45.037256640586264,0.7808335423136472,105.17443257682848,5,2.9821670184271865,530,Particle,None,1.866,84.26,fail,15.74,normal
W0214,LOT-14,LITHO-03,2026-01-01,21.873551858932096,-0.0804883783193904,3.0228546035561457,44.697524621515974,1.4339948534478966,106.50734150805155,7,0.7235257294881923,560,Particle,None,1.854,84.09,fail,15.91,normal
W0215,LOT-23,LITHO-01,2026-06-21,20.657785905087906,-0.008920590759284888,2.334694782437727,44.056828070482375,1.7841074984987757,102.80128548793473,8,1.4587399959539504,530,Particle,Edge-Ring,2.275,75.61,fail,24.39,requires review
W0216,LOT-09,LITHO-02,2026-04-03,22.133163993788244,-0.020789798273808256,2.992436601889925,44.652149261430154,1.1605698617097242,101.33039037594449,9,0.3623391124273851,600,Particle,Loc,2.225,84.36,fail,15.64,normal
W0217,LOT-03,LITHO-04,2026-02-17,20.876012702924545,-0.15049028067224168,0.5589914743479261,45.23805739275173,1.4382719173287344,103.52117765157676,10,2.8042850213273742,515,Etch Residue,Near-full,2.792,56.89,fail,43.11,requires review
W0218,LOT-03,LITHO-02,2026-05-02,20.297640955266374,0.11917467622471548,3.313316608541216,44.07933951776323,1.2578805899491905,91.12623019361745,8,0.8230370965060778,530,Particle,None,2.106,80.58,fail,19.42,requires review
W0219,LOT-14,LITHO-02,2026-04-06,21.038455769547156,0.11704482100410554,2.4625435063246384,44.03246181517838,2.0257102381450958,103.14858123024476,7,3.2836273316953064,740,Etch Residue,None,2.074,85.04,pass,14.96,normal
W0220,LOT-28,LITHO-02,2026-01-06,20.40806513982468,0.106839845083002,2.9544903490216274,43.36770787488939,1.7623099553922974,101.56925480820874,6,3.3582653914481155,515,Scratch,Donut,2.449,75.55,fail,24.45,requires review
W0221,LOT-04,LITHO-02,2026-05-17,20.586534283702576,0.276653817705176,1.346086978610935,45.46887003130667,1.7280392172253856,101.80761317038343,5,1.5648924335504946,530,Pattern Collapse,Edge-Ring,1.659,86.2,pass,13.8,normal
W0222,LOT-14,LITHO-04,2026-03-14,21.21836831500852,0.2608820642225346,1.6184610828762653,45.65438791436047,1.71756045959234,104.68482354901174,5,1.5059729087033487,600,Etch Residue,Center,1.796,78.92,fail,21.08,requires review
W0223,LOT-22,LITHO-03,2026-05-06,21.305570148757567,-0.06749004417284436,2.302156805901342,45.27799253308382,1.4869627616067556,101.71587809805403,6,0.5142697847713279,740,Particle,None,1.506,86.93,pass,13.07,normal
W0224,LOT-07,LITHO-01,2026-06-11,20.65780776486016,0.06714941731815208,2.1880734774637762,46.1582045912744,1.5691446988846263,97.6672139447256,8,1.7918466627010392,560,Particle,None,1.926,85.78,pass,14.22,normal
W0225,LOT-22,LITHO-04,2026-04-20,21.54307282977552,-0.11224812406647827,2.3981480116069926,45.105441164496874,1.0851853968136889,101.46266985086356,7,2.9653065871474253,710,Particle,Center,2.631,76.09,fail,23.91,requires review
W0226,LOT-10,LITHO-04,2026-05-01,21.636629266911623,0.004203956900619982,2.9591606126509764,45.470413124838906,0.7347453074373014,102.25671083950714,6,2.1433632936882216,515,Pattern Collapse,Center,2.231,79.08,fail,20.92,requires review
W0227,LOT-25,LITHO-02,2026-02-15,21.78996596610981,-0.10795490084139565,0.9643457792880059,45.364604910765074,1.5525283956207585,102.43674886400785,4,4.145475967945518,530,Pattern Collapse,None,1.906,83.55,fail,16.45,requires review
W0228,LOT-18,LITHO-04,2026-02-12,21.291177373919147,0.2916126556444892,2.8816733502021163,44.89015197669815,1.6133965896952505,102.61529359568326,7,1.3356765534847912,740,Misalignment,Random,2.503,76.19,fail,23.81,requires review
W0229,LOT-17,LITHO-01,2026-03-16,21.749885791647134,0.0654656670617333,2.2057973369705492,44.363013806244425,1.9232425989488822,105.9496023706905,10,1.3343631331958161,740,Misalignment,Center,2.47,78.6,fail,21.4,requires review
W0230,LOT-06,LITHO-04,2026-06-03,19.965560864614268,-0.03924524305879598,2.0573526972128167,47.656983138950295,2.0499675356288285,97.87306869847023,8,0.870044339007282,560,Misalignment,Center,1.732,81.74,fail,18.26,requires review
W0231,LOT-14,LITHO-03,2026-04-05,20.825151398254345,0.21485134293414784,1.170219335930577,44.45765882417579,2.049499469749631,102.66766173342643,5,5.904937722580484,560,Particle,None,2.401,79.37,fail,20.63,requires review
W0232,LOT-26,LITHO-03,2026-03-04,20.523147109022116,-0.3907107737631741,2.552134067863806,44.200946746655475,1.1506917423471428,106.90173285474931,8,0.5098231252514509,530,Pattern Collapse,Edge-Ring,1.969,79.07,fail,20.93,requires review
W0233,LOT-01,LITHO-01,2026-05-21,21.065574223620064,-0.36253846707575216,0.5101245042782743,45.52081178814013,1.3767072377675809,95.40847631163865,6,2.8272333124408378,515,Particle,Edge-Ring,1.969,82.75,fail,17.25,normal
W0234,LOT-23,LITHO-04,2026-06-03,20.685702929441796,0.1432509579395593,2.6538758078670988,45.302225298354,1.668117003558483,102.68265738696421,9,3.0052781235101977,740,Misalignment,None,2.199,82.54,fail,17.46,normal
W0235,LOT-15,LITHO-01,2026-06-12,20.908613186927646,0.01088432066112625,1.155525915168906,43.31425014286761,2.386166637209762,99.77556169250244,5,2.9223253136339156,710,Misalignment,Edge-Loc,1.631,81.15,fail,18.85,requires review
W0236,LOT-22,LITHO-01,2026-02-23,22.035196184112227,0.04508033404693691,2.237420538832232,46.34721390547649,2.0180347212998706,100.5913005390022,3,0.9306676511618496,530,Particle,Edge-Loc,1.837,85.04,pass,14.96,normal
W0237,LOT-20,LITHO-01,2026-05-08,20.90665411196879,-0.23875129859733876,2.116581813870456,44.886966509579,1.8917890066994332,98.5617314877852,7,1.5642506284801272,515,Misalignment,Loc,1.875,78.38,fail,21.62,requires review
W0238,LOT-13,LITHO-03,2026-04-17,21.227585774454617,-0.004182067953065916,3.0186767031057187,43.666882685741136,1.3642742155577483,101.35570728033831,9,2.5653938869115147,530,Scratch,None,2.512,84.74,fail,15.26,normal
W0239,LOT-10,LITHO-01,2026-03-22,20.87225186854167,0.36063169387224153,2.074941381690277,46.42654093722465,1.1908801290957065,108.99677133482224,6,1.1025406580611343,515,Particle,Near-full,2.914,58.16,fail,41.84,requires review
W0240,LOT-19,LITHO-04,2026-03-13,21.041642308376257,0.1483559315632553,1.7141030071980343,45.75081068591538,1.7761177591841337,97.1951646275266,2,1.4085104541435831,600,Etch Residue,Center,1.425,83.38,fail,16.62,normal
W0241,LOT-05,LITHO-03,2026-01-21,21.00330917423984,0.03054717812570618,1.845378112820158,43.482549609662506,1.114768557517974,97.55548199058046,9,1.1175939287275394,560,Misalignment,None,1.822,85.27,pass,14.73,normal
W0242,LOT-18,LITHO-01,2026-02-19,21.246578236285238,-0.07902970381888878,3.0910179381282648,47.13261940830927,1.416547277156894,97.05264863337868,5,1.8785065463784096,515,Particle,None,1.609,82.49,fail,17.51,normal
W0243,LOT-03,LITHO-01,2026-04-09,21.640919144550946,-0.07102311333649089,2.575407878426626,45.79055684203943,1.459827717849327,108.56418948918679,7,1.7931821812893263,600,Particle,None,1.907,84.63,fail,15.37,normal
W0244,LOT-20,LITHO-01,2026-06-09,21.90606669868183,-0.38325562005600317,1.9300590129337873,44.98776466124995,2.0575192311929826,100.24310911901911,6,4.617964823045901,740,Particle,None,2.098,82.8,fail,17.2,requires review
W0245,LOT-19,LITHO-03,2026-06-05,21.170291045050043,0.0463752757658089,2.0344875060248406,46.90826256674614,1.375855943964113,101.90257157067884,8,2.6028094295932394,515,Particle,Center,2.278,78.59,fail,21.41,requires review
W0246,LOT-03,LITHO-04,2026-02-03,21.32425078731958,0.1521869595267337,1.1029760365901873,45.191157340595566,0.6462626264995847,100.46942482379629,9,0.6236481223875774,530,Misalignment,Edge-Ring,1.964,82.39,fail,17.61,normal
W0247,LOT-23,LITHO-01,2026-05-03,20.36702451994794,-0.2836114788907107,2.471931940596079,44.96630030987516,1.676555626681864,98.41119306206825,10,0.6685858598774823,560,Scratch,None,2.093,79.79,fail,20.21,requires review
W0248,LOT-13,LITHO-04,2026-01-16,20.951667791671408,-0.11905504061522687,0.9681290046131743,44.20763986077361,1.2553423514136257,101.10642754286515,2,2.8602315562532525,515,Etch Residue,Donut,1.237,81.29,fail,18.71,requires review
W0249,LOT-24,LITHO-01,2026-05-02,21.517159205685974,-0.20834363380201598,2.7262575260848196,45.698220527168495,1.5149208585532115,111.34132570179892,6,1.7796592135090092,560,Pattern Collapse,None,2.023,89.01,pass,10.99,normal
W0250,LOT-02,LITHO-04,2026-03-03,21.476282751129435,-0.17376321506557743,2.2900351147438864,45.571923560788775,1.4696533547052568,107.28986949970216,7,5.686856623219227,560,Misalignment,Edge-Loc,2.805,70.77,fail,29.23,requires review
W0251,LOT-06,LITHO-04,2026-03-22,21.116385353037277,0.009626692827942039,3.870866259701746,45.01761616786765,1.404203601463781,98.75883629238936,5,5.676705199988804,515,Etch Residue,Random,2.946,72.26,fail,27.74,requires review
W0252,LOT-15,LITHO-03,2026-05-10,21.487516677762375,-0.37519238789792536,1.4299051123929862,44.052016375358875,1.7766192036246464,104.4607815916344,7,0.8659610494509774,515,Etch Residue,Loc,1.942,79.91,fail,20.09,requires review
W0253,LOT-06,LITHO-03,2026-03-18,21.2699216899466,0.11056867890427151,2.128136536271557,45.15591582499929,0.9634972925765525,98.84021346386777,9,2.165780131461413,710,Particle,Edge-Loc,2.292,78.33,fail,21.67,requires review
W0254,LOT-10,LITHO-04,2026-05-26,21.660168442042625,0.1356939125880628,3.458801390646144,44.916241457085434,1.319045021265974,95.24980297238436,7,0.675861127485588,530,Particle,Edge-Ring,1.884,83.85,fail,16.15,normal
W0255,LOT-20,LITHO-01,2026-04-07,21.15914753632641,-0.04519846584664425,3.03397274820399,43.39983081751896,1.7394132695910833,105.8741414871256,8,2.828607057050258,600,Misalignment,None,2.594,78.42,fail,21.58,requires review
W0256,LOT-05,LITHO-01,2026-06-29,20.80436592643593,-0.4465275317972175,1.7126515638940705,43.233825178410974,1.2850703286294711,106.40835281724549,9,5.038337808533206,600,Scratch,None,2.63,82.58,fail,17.42,requires review
W0257,LOT-21,LITHO-01,2026-04-25,21.184712691313162,-0.17935535268043012,2.3567771998614138,45.67818405457172,0.9369176517555099,105.97499855398202,5,1.963687958359812,710,Misalignment,None,1.715,86.12,pass,13.88,normal
W0258,LOT-04,LITHO-02,2026-02-23,19.388173093280972,0.22192234813848538,2.2013995494905614,41.877734021937975,1.7339943701398575,100.21451205296562,10,1.300782385748007,600,Particle,None,2.022,85.9,pass,14.1,normal
W0259,LOT-06,LITHO-03,2026-05-20,21.210587155011776,-0.500038970531143,2.3973691071759102,45.246492632353515,1.8930831206545387,101.36625221079245,10,2.3182619735950336,710,Pattern Collapse,None,2.597,80.28,fail,19.72,requires review
W0260,LOT-18,LITHO-03,2026-03-15,18.99337294613187,-0.06255421419483347,1.7109236948106195,44.42630033069541,1.4842516773249477,104.84910910390087,7,3.2170628203164955,600,Particle,None,1.901,85.74,pass,14.26,normal
W0261,LOT-24,LITHO-04,2026-04-07,20.05209512592702,-0.21240014012410663,2.137475718109486,46.56989592825589,0.8137040405356637,103.48768494192281,12,3.2311171578188653,530,Pattern Collapse,Random,2.749,76.12,fail,23.88,requires review
W0262,LOT-06,LITHO-01,2026-01-25,21.24847273051754,0.14482265428527058,1.0813633373063007,44.40783814901535,1.7470894113445856,100.50417760907123,6,1.3116391261480327,530,Scratch,Near-full,2.553,60.05,fail,39.95,requires review
W0263,LOT-09,LITHO-03,2026-01-22,21.262641135496736,-0.12152051138582304,2.2945864163076575,45.79138105710228,0.9190392415031092,95.84752708355097,3,1.0812591679853172,530,Scratch,Loc,1.777,86.47,pass,13.53,normal
W0264,LOT-28,LITHO-01,2026-04-14,20.360664170923037,0.07271172373241007,2.5150144713952827,44.52370339051465,1.608079746896858,102.43272573773964,5,2.08706193802757,530,Scratch,Edge-Ring,2.07,79.27,fail,20.73,requires review
W0265,LOT-30,LITHO-01,2026-02-03,20.608343876966583,0.10178287545043675,2.0408064111492816,45.13649778418337,1.189387661340244,106.10023662909722,10,1.3777243228127631,515,Particle,None,1.993,86.75,pass,13.25,normal
W0266,LOT-18,LITHO-03,2026-06-29,21.75379754373777,0.33052065115140356,1.0694643765906489,45.88420383710406,1.0940562499815623,97.4491645016702,6,3.849824577607451,530,Etch Residue,None,2.189,83.54,fail,16.46,normal
W0267,LOT-14,LITHO-04,2026-06-04,20.73378342763503,-0.03652954986156664,2.891972303996024,44.444933140410505,1.3453314940221084,104.42728565036872,4,1.3655133957104417,530,Etch Residue,Edge-Loc,1.935,78.56,fail,21.44,requires review
W0268,LOT-11,LITHO-03,2026-05-07,22.23360617182164,0.06768798653207003,2.4551675265949617,46.19586586139808,1.4358458552504592,103.25985844150803,5,1.8658284765488113,515,Etch Residue,Edge-Loc,1.874,81.61,fail,18.39,requires review
W0269,LOT-19,LITHO-01,2026-05-13,20.99894408075301,-0.26730998624293845,1.6917894316093163,43.80756254747222,1.2745271123647433,104.85056340028287,6,2.2794132914894654,515,Particle,None,1.751,85.76,pass,14.24,normal
W0270,LOT-18,LITHO-03,2026-04-18,21.224419897284697,0.2142744413928739,2.0035796872133553,45.35351141107005,1.7060461473753028,105.31350689893223,7,0.5270989571276481,710,Particle,Center,1.971,78.3,fail,21.7,requires review
W0271,LOT-09,LITHO-01,2026-01-11,21.889280919174233,-0.13689159265284565,1.1495314180527132,46.10716766734542,1.3438757175394083,99.36103208068366,12,1.153172641219672,560,Misalignment,Center,2.193,79.71,fail,20.29,requires review
W0272,LOT-01,LITHO-04,2026-03-12,21.07206491390638,-0.1009357495357942,1.4822129105554671,45.792044990148405,1.8430668050851375,95.85555427937321,1,5.530272740014269,710,Misalignment,None,1.773,83.6,fail,16.4,requires review
W0273,LOT-05,LITHO-03,2026-03-31,20.44871081062006,-0.004004603072857933,1.8235320575500027,47.29973385208249,1.5984106079752178,99.97262580240506,6,3.1292393703865677,560,Misalignment,None,1.932,83.92,fail,16.08,normal
W0274,LOT-29,LITHO-01,2026-06-14,20.939649901568142,-0.2813191821611729,3.059894568596106,44.08387281922721,1.2558549776912922,105.37868380660262,6,1.3519592589717946,710,Scratch,None,1.603,86.6,pass,13.4,normal
W0275,LOT-13,LITHO-01,2026-02-09,20.98041409509545,0.04117860520720884,1.7523476263787672,43.3450208983817,1.1969210406586999,99.94038516660132,8,2.8362453198914976,710,Etch Residue,Edge-Loc,2.213,78.6,fail,21.4,requires review
W0276,LOT-15,LITHO-01,2026-03-31,20.24939209128914,0.17414392912650192,2.6481495615301314,43.806797869805855,0.9233762953333965,99.36263536934096,6,3.809330808647098,515,Etch Residue,Random,2.555,72.07,fail,27.93,requires review
W0277,LOT-15,LITHO-04,2026-03-03,20.85929236076255,0.052728088229512485,1.8231786579968943,45.79253107985812,1.601756612253388,95.07886870068637,6,1.5116243945655679,740,Particle,Center,2.083,79.3,fail,20.7,requires review
W0278,LOT-24,LITHO-02,2026-01-25,20.59179434830141,-0.2860015615521705,2.3735632925963124,45.597507521123255,1.3758943584620247,108.66006070729357,7,3.0326617815158525,515,Misalignment,Edge-Ring,2.021,78.8,fail,21.2,requires review
W0279,LOT-02,LITHO-03,2026-01-19,21.50839676645309,-0.022285672979338724,2.1010231484993387,45.122707991576895,0.66973156517777,105.13771183741618,6,2.7573425284300983,560,Misalignment,Loc,2.019,86.1,pass,13.9,normal
W0280,LOT-03,LITHO-03,2026-03-07,21.01903653080189,0.13356520253630833,2.8111396200649206,43.65245154107144,1.31249979453071,104.9256047288441,7,0.6855314946913077,710,Particle,None,1.694,83.61,fail,16.39,normal
W0281,LOT-09,LITHO-03,2026-01-15,20.844462337968835,-0.3380379778738634,1.8256320632470098,45.920240751994875,1.184638089760767,105.677356469762,11,1.517712779059382,530,Particle,Edge-Loc,2.575,76.47,fail,23.53,requires review
W0282,LOT-15,LITHO-01,2026-01-13,20.941599938157584,-0.1934578824871885,1.0992302249982917,43.53035426681935,2.0514871572597313,104.19149177386493,7,4.6952093913811455,560,Misalignment,Center,2.471,73.59,fail,26.41,requires review
W0283,LOT-21,LITHO-04,2026-03-05,21.122717110123393,0.1577778487346736,1.2326356780454573,46.39073949885228,0.9040274858373416,101.07155035031779,8,5.431655311044652,530,Particle,Center,3.032,75.82,fail,24.18,requires review
W0284,LOT-15,LITHO-02,2026-02-06,21.339247809829377,0.04861717815551157,1.82768575424007,48.428926107767836,0.9955272200930813,101.37769640433564,6,3.145987633553322,515,Misalignment,None,2.009,80.62,fail,19.38,requires review
W0285,LOT-14,LITHO-03,2026-04-10,20.45015827423184,0.07415488478281569,1.3256580205253634,45.43974137588586,1.8884893750869949,100.37525541454993,8,1.1233506185128492,515,Particle,Random,1.959,79.59,fail,20.41,requires review
W0286,LOT-29,LITHO-03,2026-01-04,20.4271268020583,0.3347090653721961,2.487148410975686,45.69972976278929,1.974867105112387,112.012014866777,2,0.20659441700116887,515,Particle,Random,1.615,81.32,fail,18.68,requires review
W0287,LOT-05,LITHO-03,2026-02-24,21.60757356847139,0.08433950013111646,1.8739622845993458,44.40856827732533,1.2392559714460254,104.11246571893788,12,1.0080898108344105,515,Particle,None,2.071,85.67,pass,14.33,normal
W0288,LOT-18,LITHO-04,2026-03-23,20.7732147202874,0.11841984187797228,3.8622245850185024,42.827744014695824,1.2787699620168813,100.23755832286454,3,0.606683553350012,560,Etch Residue,None,1.713,89.29,pass,10.71,normal
W0289,LOT-17,LITHO-01,2026-06-23,20.22073684907172,0.4879341948992987,0.9835997834040078,44.27673676436373,1.7156823887936594,103.76888774183186,8,4.915224872270272,560,Misalignment,None,2.151,84.65,fail,15.35,requires review
W0290,LOT-15,LITHO-02,2026-04-25,21.244096990160706,-0.03848482045628832,2.342543225096861,43.6885257106815,0.6855150710691414,98.158698112146,8,0.35350877525427093,530,Misalignment,Loc,1.765,82.05,fail,17.95,normal
W0291,LOT-25,LITHO-02,2026-06-08,21.254853393317976,-0.1436188974513291,1.410432883546032,43.26359450830198,0.8485822104230554,107.71712553063907,3,0.7020875984529499,600,Particle,Edge-Loc,1.401,85.36,pass,14.64,normal
W0292,LOT-09,LITHO-02,2026-03-03,20.15810660850881,0.07700335168448388,1.8546190617321252,47.06683193039478,1.401743309702251,99.48793743593286,4,2.0576202623064677,515,Pattern Collapse,None,1.723,81.72,fail,18.28,requires review
W0293,LOT-29,LITHO-01,2026-03-22,21.126214943504984,0.07901838529000108,2.298993631338381,45.327435021630926,2.042461698145194,103.90412464396537,3,1.7708277151559904,515,Etch Residue,Loc,1.289,84.83,fail,15.17,normal
W0294,LOT-10,LITHO-01,2026-03-17,21.404570700835606,-0.09480877055031747,0.5722400375879995,45.45562509673678,1.347494469141641,106.05071499302392,12,4.5492945023582445,710,Etch Residue,None,2.745,77.24,fail,22.76,requires review
W0295,LOT-17,LITHO-01,2026-06-09,21.205912548438445,-0.18583146351987254,2.3657782817516195,44.6291731617645,1.535327877107304,103.46212046797898,4,2.64556880415166,740,Misalignment,Center,2.037,77.76,fail,22.24,requires review
W0296,LOT-16,LITHO-02,2026-06-22,21.34758981606877,0.415771995976214,3.5320352235919175,44.79255470106788,1.896826245397404,102.35898596891462,3,1.5992053131913582,530,Scratch,None,1.449,83.36,fail,16.64,normal
W0297,LOT-26,LITHO-02,2026-06-23,20.22765199605009,0.05883182466984412,1.8825931911419853,46.1574608186872,2.237409656647351,102.04104792245286,7,3.89513776047595,515,Scratch,Center,1.941,78.87,fail,21.13,requires review
W0298,LOT-14,LITHO-03,2026-05-16,21.182072085247906,-0.1318113686523736,2.381865499763857,44.96119545756574,1.2981030343980906,101.785523831829,3,1.3233204467509214,710,Misalignment,Center,1.45,78.44,fail,21.56,requires review
W0299,LOT-09,LITHO-03,2026-04-01,20.833559132291253,0.16486745441032774,2.9174451851877796,45.63683272562968,1.494107146693301,99.8085457420755,5,4.784617945588974,740,Etch Residue,None,2.341,80.59,fail,19.41,requires review
W0300,LOT-01,LITHO-02,2026-04-08,20.734465412701446,-0.01964612728104021,2.0852325499811024,44.76479484258598,2.137719327469995,100.29196296687512,1,0.9017025358108517,530,Particle,None,1.024,87.74,pass,12.26,normal
W0301,LOT-11,LITHO-02,2026-06-26,21.47880558518085,-0.045518660337209624,1.793327868027962,44.58941653112154,0.9672302536830001,107.62244341987355,8,1.7252120721595623,515,Etch Residue,Random,2.329,74.05,fail,25.95,requires review
W0302,LOT-25,LITHO-01,2026-02-21,21.813600980870827,0.10120911694460878,0.6069845173947737,43.31170300127776,1.8596533746938375,101.5875607957964,5,0.24500635665438764,515,Misalignment,Center,1.258,87.47,pass,12.53,normal
W0303,LOT-01,LITHO-03,2026-03-04,21.986903530030197,-0.23253880828170417,2.6486935035764816,42.62670112515945,1.1435895636735596,99.01397417634546,7,3.252496907283231,560,Particle,Random,2.435,75.34,fail,24.66,requires review
W0304,LOT-27,LITHO-02,2026-06-11,21.72314432932825,0.06347289670509103,2.120782113189772,44.68612571872032,1.5358653284861048,100.03806913192626,10,1.9778621501243576,740,Pattern Collapse,Center,2.385,79.54,fail,20.46,requires review
W0305,LOT-17,LITHO-01,2026-03-11,20.9396462001034,0.3443318653917154,1.4911213040282871,45.06779603039188,1.415083333409904,106.18140858664945,11,4.7927229995861875,600,Scratch,Edge-Ring,2.898,78.12,fail,21.88,requires review
W0306,LOT-05,LITHO-02,2026-02-12,21.193996089664488,0.08391197919551593,2.2886176971943857,43.45664395594945,1.1646959397545698,104.56730520602501,9,1.4777048010628924,530,Particle,None,2.038,82.81,fail,17.19,normal
W0307,LOT-10,LITHO-02,2026-04-11,21.421752579481335,-0.0677181786810236,1.7914237502356731,44.95863016195844,1.1559143253196038,104.12925087728257,8,0.5199096733832271,600,Pattern Collapse,Loc,1.699,86.96,pass,13.04,normal
W0308,LOT-17,LITHO-01,2026-02-28,21.066647872114704,-0.09127895047708355,1.8301017082191322,45.064503075588604,1.596745027488814,101.0214194441428,7,2.4232785826131935,710,Particle,None,2.033,80.69,fail,19.31,requires review
W0309,LOT-10,LITHO-03,2026-06-10,21.071920303351348,-0.07386119520211969,2.624403809276096,42.412790392728745,1.8484387648569387,104.17877738665719,5,1.1796214161823009,560,Misalignment,None,1.504,89.29,pass,10.71,normal
W0310,LOT-04,LITHO-03,2026-06-13,21.4530642225319,-0.04571328204860059,1.2631323120733091,43.9018504086246,1.454592328884024,99.55446772518754,6,2.954066548427307,710,Scratch,None,1.6,85.07,pass,14.93,normal
W0311,LOT-20,LITHO-03,2026-02-25,20.96739454468574,-0.06800517589648895,2.933120700251631,45.48871667248256,1.5245396055566258,101.01346668088605,5,0.917313728202163,530,Particle,None,1.53,85.38,pass,14.62,normal
W0312,LOT-21,LITHO-03,2026-04-06,20.598892184994487,0.164936059393422,1.2216196858171178,45.464470475274894,1.6999109232018665,105.68525705208863,4,4.259900155193333,530,Misalignment,Random,2.382,75.43,fail,24.57,requires review
W0313,LOT-04,LITHO-03,2026-06-27,20.77203981379028,-0.31197763857761696,1.7361090141513156,43.61559010032029,1.1599334294454642,105.32225517989245,8,1.8648986762120487,560,Etch Residue,Donut,2.098,82.84,fail,17.16,normal
W0314,LOT-09,LITHO-02,2026-05-14,21.34865070775356,0.15516000907418412,3.546062335846604,45.19013766059968,1.7588923779445231,98.26874258538695,8,1.6037116721922628,560,Particle,Edge-Ring,2.254,81.79,fail,18.21,requires review
W0315,LOT-08,LITHO-03,2026-02-08,21.001646310159977,-0.068343574525661,2.9891483331496955,46.226888670432565,1.7867700839709113,98.74899947894741,8,4.080300306128027,740,Misalignment,None,2.66,79.52,fail,20.48,requires review
W0316,LOT-20,LITHO-03,2026-04-17,21.187115487277588,0.067850601425167,2.2683227947468083,45.93248755078908,2.411269204562643,102.41306818069096,9,3.283896141094841,560,Particle,Near-full,3.902,51.48,fail,48.52,requires review
W0317,LOT-22,LITHO-02,2026-04-22,21.368543583211203,-0.20285782383615547,1.5416288491491486,44.88565705558328,1.3683635333041462,108.55930302374414,9,1.0222641148307372,530,Etch Residue,Edge-Ring,2.017,83.31,fail,16.69,normal
W0318,LOT-22,LITHO-03,2026-04-28,20.793837195406315,0.2391535920328985,1.829509385310075,44.43842842401085,1.3396713694161553,94.72085237501783,10,3.2224090056844563,530,Particle,None,2.577,81.23,fail,18.77,requires review
W0319,LOT-29,LITHO-02,2026-01-05,21.415936489996394,0.22421429283093713,2.2512927202099875,44.24478661879859,1.769138055050811,103.05766517036791,6,2.8005003450302643,560,Particle,Center,2.453,77.11,fail,22.89,requires review
W0320,LOT-24,LITHO-02,2026-02-23,21.208363431902118,0.17272629463501324,2.226266262637719,45.56138373949159,1.7866864591192484,96.77103534002204,8,1.6697318705525368,530,Etch Residue,Edge-Loc,2.067,80.78,fail,19.22,requires review
W0321,LOT-10,LITHO-03,2026-06-03,20.320852802198687,-0.27265585964283706,2.136390349261826,45.23412476777147,1.3127194963181508,99.58954222460292,7,3.05489697597405,600,Particle,None,2.113,84.99,fail,15.01,normal
W0322,LOT-04,LITHO-04,2026-02-13,21.793267635152436,0.1492417927918895,2.178417240141071,45.75528480732264,1.3588930630744829,100.61517201135588,7,4.247826863615854,530,Misalignment,Center,2.383,71.44,fail,28.56,requires review
W0323,LOT-19,LITHO-04,2026-02-23,20.724590390933695,0.07287391577442759,2.0499374232064205,45.15824857574538,1.6893957933763142,100.40206829493981,4,1.7053444203011734,530,Etch Residue,Edge-Ring,1.632,83.19,fail,16.81,normal
W0324,LOT-28,LITHO-02,2026-02-28,20.089697561248148,-0.28894882448386217,1.1906148850519913,45.98251674041693,1.2103455157428686,99.971575429295,8,1.70951569064559,560,Etch Residue,None,1.676,83.57,fail,16.43,normal
W0325,LOT-30,LITHO-02,2026-02-01,20.425225959727534,-0.004373529078746788,1.838442480487417,45.11351103954924,1.3563131041947447,102.02738682943021,7,1.6433519069650204,515,Particle,None,1.646,87.37,pass,12.63,normal
W0326,LOT-07,LITHO-03,2026-01-28,20.438425161626924,0.06561620802598725,2.8402368377907927,45.94162645935803,1.5313574685789522,99.96602884680381,9,0.9896407161244407,600,Scratch,Center,2.194,82.19,fail,17.81,normal
W0327,LOT-08,LITHO-02,2026-03-04,21.028695325261644,0.10009354928816715,1.242165991714218,46.044987324439965,1.8485785396877903,96.44266193755422,3,1.6926806822130702,560,Etch Residue,Edge-Ring,1.362,84.15,fail,15.85,normal
W0328,LOT-02,LITHO-04,2026-06-07,20.84938222194957,0.03190704605079403,2.0673111419225054,44.034568043730225,1.2883904843371607,104.96350452758655,7,1.5601931694707323,530,Misalignment,Scratch,2.111,79.7,fail,20.3,requires review
W0329,LOT-05,LITHO-02,2026-01-01,20.814742417797675,0.05242165503252834,1.6261722498604094,42.8302271437551,0.8551654382892648,104.86091423516575,4,1.4947725403319254,600,Etch Residue,Loc,1.551,85.37,pass,14.63,normal
W0330,LOT-17,LITHO-01,2026-02-20,21.340836081015365,0.2652500506055572,2.2779453005786783,46.85219142721746,0.8291908863686263,105.20406237808614,6,1.4783466070164766,710,Etch Residue,Edge-Loc,1.657,77.89,fail,22.11,requires review
W0331,LOT-17,LITHO-01,2026-01-11,21.186931448655987,0.22068610378392237,1.9279567732532275,45.30799047685471,1.0592054266528534,96.14520891419649,8,0.7004605247286391,710,Etch Residue,Center,1.907,79.3,fail,20.7,requires review
W0332,LOT-12,LITHO-04,2026-04-12,21.173826328854357,-0.5160698916808938,3.2341755654822686,42.94261692540466,1.040391298630022,103.13588897981977,0,3.499438691256201,530,Misalignment,Edge-Loc,1.745,81.16,fail,18.84,requires review
W0333,LOT-10,LITHO-01,2026-02-15,21.22540565153078,-0.05713893987078276,2.5546082079331778,44.14341660333755,1.4458862344830319,104.5687196520663,9,1.1517517329008102,530,Etch Residue,Center,2.332,70.99,fail,29.01,requires review
W0334,LOT-25,LITHO-02,2026-05-23,21.338874067401232,-0.02963718495791123,1.2817377839559523,45.926249150843795,1.0838919462408383,98.08143213992957,6,4.4002858317551246,600,Pattern Collapse,None,2.093,80.2,fail,19.8,requires review
W0335,LOT-14,LITHO-02,2026-04-16,19.840625662022408,-0.3153777430908548,2.669859608129589,44.664387802640526,1.2540357640625786,102.0348583430921,6,0.8341931044423891,560,Misalignment,Edge-Loc,1.995,83.7,fail,16.3,normal
W0336,LOT-25,LITHO-01,2026-05-22,20.799558961254547,0.01695295048181619,1.657743700616556,44.38552629681705,1.2290699402562826,101.55818674782061,6,5.042691840154521,600,Scratch,Edge-Ring,2.238,80.16,fail,19.84,requires review
W0337,LOT-29,LITHO-02,2026-04-25,19.80088446453079,0.22477639903389118,1.7961025400357267,46.68105823237556,1.3458222487032023,109.0001725025594,5,1.3719362452151815,560,Etch Residue,Center,1.871,81.1,fail,18.9,requires review
W0338,LOT-10,LITHO-03,2026-03-20,21.01983295973879,-0.19558221472630624,2.4196733140749855,43.74325542433943,1.9628765160330928,109.31308494064778,8,3.24794034507874,710,Scratch,Near-full,3.42,55.78,fail,44.22,requires review
W0339,LOT-07,LITHO-01,2026-06-04,20.99745186527661,0.06055216896417701,1.855776806188906,44.0422159706942,1.731681656300681,95.67544570534524,11,1.9645348285685718,515,Pattern Collapse,Edge-Loc,2.222,79.87,fail,20.13,requires review
W0340,LOT-29,LITHO-04,2026-03-27,21.575042751134323,-0.1648482259133588,2.8249990714260687,45.25366377005792,1.5056452953466013,111.47692262176636,11,0.6190409968489924,560,Particle,None,2.302,84.89,fail,15.11,normal
W0341,LOT-20,LITHO-04,2026-06-20,21.653198915996615,-0.12094416426234182,1.6578429569406234,45.468545918464656,1.3386408017967066,98.52214225961737,7,0.6485035721646589,515,Particle,None,1.674,86.67,pass,13.33,normal
W0342,LOT-09,LITHO-02,2026-06-29,21.1115262765388,0.2659308541506063,1.7667374131860458,45.595611641208876,1.3483685701819426,105.72655851844422,7,1.0783613138234835,530,Etch Residue,None,1.839,86.41,pass,13.59,normal
W0343,LOT-19,LITHO-01,2026-04-17,20.724801407431706,-0.0976604076201285,1.740540374516324,46.09348565348274,1.6147112644831823,105.68789232728217,3,1.3143248566801011,600,Misalignment,None,1.161,88.18,pass,11.82,normal
W0344,LOT-16,LITHO-03,2026-05-02,21.266838611900155,0.08319824802191243,1.804052876151473,45.23829434481782,1.7044591756733016,98.21637713800114,10,1.7441939536375008,560,Misalignment,Center,2.556,79.16,fail,20.84,requires review
W0345,LOT-28,LITHO-01,2026-02-16,20.709645299471628,-0.3368192608909777,2.969434088883469,45.58726072672609,1.1823338728647899,103.87441761658857,10,2.2643563360674337,530,Scratch,None,2.369,85.47,pass,14.53,normal
W0346,LOT-08,LITHO-02,2026-05-27,20.99923404170616,0.3352171610510784,2.640157405527212,44.6889488888219,1.512768264464981,101.59137177178896,10,1.5844778726507212,740,Pattern Collapse,None,2.375,85.74,pass,14.26,normal
W0347,LOT-30,LITHO-04,2026-05-01,21.54237497432842,0.1084774403351698,3.3969607678084497,45.07523796388406,0.7889331509679406,104.10645401760308,5,2.182302899546195,710,Misalignment,None,1.868,83.65,fail,16.35,normal
W0348,LOT-29,LITHO-04,2026-06-12,20.69322575970582,-0.0328499716770471,3.7873509427294785,45.12904101606436,1.5740998244597089,102.87655474904638,8,2.430315143227045,560,Etch Residue,Loc,2.528,74.71,fail,25.29,requires review
W0349,LOT-06,LITHO-03,2026-02-18,21.443123251583376,0.10359837179998105,1.4784980776473624,45.25811776298284,1.7667522346855402,106.54609004440694,4,1.5336229298990252,740,Particle,Edge-Ring,1.119,89.53,pass,10.47,normal
W0350,LOT-05,LITHO-02,2026-05-22,21.372570752780767,-0.2537674972106059,2.2492933891291025,45.92704776909931,1.4019759805916936,102.28651826395503,6,2.7702816579334333,530,Misalignment,None,1.923,85.5,pass,14.5,normal
W0351,LOT-16,LITHO-03,2026-03-26,20.474864500578047,0.21285553351547828,1.3766597783495973,45.6661748183338,2.1357844486490367,101.36207853618002,4,3.186633205367003,710,Particle,None,1.678,86.32,pass,13.68,normal
W0352,LOT-02,LITHO-03,2026-02-03,21.53564177051957,-0.05831725958935743,1.6556758505762132,45.05306040348022,1.1915665433973823,106.16504408561728,8,2.472362973450419,515,Misalignment,None,1.874,83.49,fail,16.51,normal
W0353,LOT-09,LITHO-02,2026-01-31,21.38421148995433,-0.036732512708718246,1.7589422428210315,44.029048818070756,1.5761041453561415,104.20550466646269,6,2.567488146218585,530,Misalignment,None,2.074,84.74,fail,15.26,normal
W0354,LOT-14,LITHO-03,2026-04-12,21.05605923805496,-0.0884980106937872,1.4599915881032082,45.08120550967525,1.4874613386669155,104.78089089841937,7,2.0509218370900215,530,Etch Residue,None,1.54,84.64,fail,15.36,normal
W0355,LOT-30,LITHO-01,2026-02-27,20.58072209808479,-0.10451725249420524,1.4636789089711106,44.96637865812511,1.4648958163948071,99.47457064541733,3,3.6975506008411276,515,Etch Residue,None,1.544,87.34,pass,12.66,normal
W0356,LOT-30,LITHO-01,2026-01-19,20.527436689783435,0.12504071009311354,2.099000935035822,45.23181789577584,1.4599872411983383,98.0280014306858,11,1.7729561239371305,560,Misalignment,None,2.073,87.41,pass,12.59,normal
W0357,LOT-05,LITHO-02,2026-03-18,20.70428558270334,0.046063233018760114,1.3482971071295153,47.647830368568485,1.5374867605033151,99.84265585563973,8,1.0936694843140429,515,Particle,Scratch,1.801,85.43,pass,14.57,normal
W0358,LOT-27,LITHO-01,2026-04-28,21.298426954810576,0.11731466545254718,2.789488871396343,44.37147266575052,1.7967855602122949,99.64087873441376,5,1.8104524888716658,600,Particle,Center,2.25,79.15,fail,20.85,requires review
W0359,LOT-03,LITHO-01,2026-02-27,20.47440615792923,-0.0015830441074028614,1.5575725238077403,45.50674682295043,1.9822076826961605,104.98755722088107,7,0.628607229390001,515,Pattern Collapse,Loc,1.938,79.04,fail,20.96,requires review
W0360,LOT-23,LITHO-04,2026-06-21,21.24063173674093,0.09237596599389258,4.166698279067474,46.28215448069316,1.4992124144235448,105.70873939111739,5,0.5632956633059649,515,Pattern Collapse,None,1.693,86.93,pass,13.07,normal
